{"stats":{"minecraft:killed_by":{"simple_mobs:shade":1,"minecraft:evoker":12,"simple_mobs:minotaur":1,"minecraft:creeper":2,"minecraft:pillager":1,"minecraft:drowned":23,"bloodandmadness:church_doctor_crucifix":1,"alexsmobs:tiger":1,"simple_mobs:vampire":1,"minecraft:vindicator":3,"minecraft:zombie":2,"minecraft:vex":3},"minecraft:crafted":{"minecraft:cooked_mutton":19,"minecraft:chest":2,"quark:spruce_chest":2,"minecraft:cooked_beef":3,"minecraft:cooked_porkchop":4,"minecraft:jungle_boat":1,"minecraft:air":60,"minecraft:oak_boat":1,"minecraft:iron_ingot":3,"minecraft:iron_pickaxe":1},"minecraft:killed":{"alexsmobs:dropbear":2,"minecraft:evoker":5,"minecraft:vex":16,"bloodandmadness:church_doctor":2,"bloodandmadness:cloaked_beast_patient":1,"minecraft:vindicator":12,"minecraft:spider":2,"dannys_expansion:foamcaster":1,"minecraft:zoglin":5,"minecraft:skeleton":4,"dannys_expansion:mundane_slime":2,"bloodandmadness:beast_patient":1,"simple_mobs:vampire":1,"bloodandmadness:church_doctor_scythe":1,"minecraft:silverfish":2,"simple_mobs:toxic_goop":1,"alexsmobs:tusklin":1,"bloodandmadness:silverbeast":1,"simple_mobs:minotaur":2,"minecraft:pig":10,"untamedwilds:boar":1,"minecraft:ravager":2,"minecraft:creeper":2,"minecraft:sheep":25,"minecraft:pillager":33,"minecraft:zombie":9,"untamedwilds:bison":1,"alexsmobs:komodo_dragon":1,"minecraft:cow":6},"minecraft:broken":{"minecraft:iron_helmet":1},"minecraft:picked_up":{"minecraft:crafting_table":4,"bloodandmadness:twin_blood_stone_shards":1,"simple_mobs:toxic_gland":2,"minecraft:enchanted_book":2,"quark:dark_oak_chest":1,"minecraft:string":3,"minecraft:iron_axe":1,"create:redstone_link":1,"bloodandmadness:blood_vial":3,"alexsmobs:dropbear_claw":2,"minecraft:spruce_planks":5,"minecraft:beef":16,"simple_mobs:vampire_fang":1,"minecraft:spruce_slab":1,"minecraft:light_gray_wool":1,"minecraft:furnace":2,"ecologics:crab_claw":1,"minecraft:raw_iron":3,"apotheosis:gem":7,"ecologics:coconut_slice":10,"minecraft:porkchop":29,"minecraft:carrot":5,"bloodandmadness:beastblood_clump":2,"hexerei:sage_seed":5,"dannys_expansion:gel":2,"minecraft:arrow":30,"minecraft:rotten_flesh":19,"bloodandmadness:sanguisteel_nugget":3,"minecraft:gold_ingot":10,"create:veridium":2,"minecraft:saddle":2,"minecraft:totem_of_undying":6,"minecraft:mutton":37,"minecraft:iron_bars":5,"bloodandmadness:blood_stone_shard":2,"minecraft:snowball":17,"minecraft:white_wool":15,"minecraft:cobblestone":5,"minecraft:air":0,"minecraft:cooked_beef":15,"untamedwilds:hide_bigcat_puma":2,"minecraft:brown_wool":3,"minecraft:leather":37,"paraglider:spirit_orb":3,"savage_and_ravage:creeper_spores":3,"minecraft:gunpowder":2,"minecraft:blue_bed":5,"minecraft:dirt":18,"minecraft:white_banner":2,"minecraft:cooked_mutton":18,"minecraft:bone":34,"untamedwilds:material_fat":24,"minecraft:wheat_seeds":2,"minecraft:iron_ingot":2,"biomemakeover:illunite_shard":2,"dannys_expansion:yellow_spores":3,"hexerei:animal_fat":5,"minecraft:emerald_block":7,"paraglider:essence":1,"minecraft:cooked_porkchop":18,"ecologics:coconut_husk":2,"epicfight:uchigatana":1,"simple_mobs:blighted_meat":4,"alexsmobs:bison_carpet":16,"bloodandmadness:bullets/quicksilver_bullet":4,"waystones:waystone":1,"minecraft:gray_wool":3,"minecraft:emerald":28,"minecraft:black_wool":2,"minecraft:coal":30},"minecraft:dropped":{"hexerei:sage_seed":1,"epicfight:uchigatana":1,"minecraft:rotten_flesh":4,"ecologics:coconut_husk":6,"minecraft:stone_pickaxe":1},"minecraft:mined":{"minecraft:spruce_planks":5,"farmersdelight:wild_carrots":5,"minecraft:spawner":14,"minecraft:furnace":2,"minecraft:iron_ore":3,"minecraft:iron_bars":6,"minecraft:stone":5,"create:veridium":2,"minecraft:spruce_slab":1,"alexsmobs:bison_carpet":16,"quark:dark_oak_chest":1,"minecraft:crafting_table":4,"minecraft:emerald_ore":6,"minecraft:tall_grass":10,"minecraft:blue_bed":5,"create:redstone_link":1,"minecraft:white_wall_banner":2,"minecraft:grass":26,"minecraft:dirt":1,"minecraft:deepslate_emerald_ore":14,"minecraft:infested_stone":2,"minecraft:emerald_block":7,"minecraft:fern":1},"minecraft:used":{"create:veridium":2,"minecraft:chest":2,"minecraft:spruce_planks":22,"minecraft:rotten_flesh":1,"minecraft:dirt":7,"minecraft:chainmail_chestplate":1,"minecraft:carrot":4,"simple_mobs:blighted_meat":1,"minecraft:wooden_axe":6,"alexsmobs:bison_carpet":1,"quark:spruce_chest":2,"minecraft:iron_axe":10,"minecraft:iron_helmet":1,"minecraft:totem_of_undying":1,"minecraft:beef":1,"minecraft:furnace":2,"untamedwilds:material_fat":24,"minecraft:cooked_beef":18,"minecraft:cooked_mutton":37,"minecraft:stone_pickaxe":28,"minecraft:blue_bed":5,"minecraft:jungle_boat":1,"minecraft:salmon":2,"minecraft:golden_apple":4,"minecraft:glow_berries":1,"minecraft:crafting_table":4,"minecraft:crossbow":16,"minecraft:shears":1,"minecraft:apple":6,"minecraft:bread":19,"minecraft:iron_pickaxe":51,"ecologics:coconut_slice":10,"quark:dark_oak_chest":1,"minecraft:porkchop":5,"minecraft:cooked_porkchop":22,"minecraft:oak_boat":1,"epicfight:uchigatana":611,"minecraft:chainmail_leggings":1},"minecraft:custom":{"lootr:looted_stat":22,"minecraft:mob_kills":159,"minecraft:interact_with_crafting_table":18,"minecraft:open_barrel":24,"minecraft:interact_with_campfire":51,"minecraft:damage_dealt_resisted":702,"minecraft:leave_game":3,"minecraft:time_since_death":6147,"minecraft:climb_one_cm":6173,"minecraft:sprint_one_cm":1207849,"champions:champion_mobs_killed":100,"minecraft:walk_one_cm":1722585,"minecraft:drop":9,"minecraft:damage_dealt_absorbed":3320,"minecraft:play_time":177003,"minecraft:deaths":51,"minecraft:sneak_time":1797,"minecraft:walk_under_water_one_cm":2472,"minecraft:boat_one_cm":838,"minecraft:jump":2472,"minecraft:walk_on_water_one_cm":4980,"minecraft:total_world_time":177003,"minecraft:interact_with_furnace":23,"minecraft:sleep_in_bed":10,"minecraft:time_since_rest":1747,"minecraft:waystone_activated":1,"minecraft:damage_taken":18494,"minecraft:damage_absorbed":242,"minecraft:damage_dealt":33957,"minecraft:swim_one_cm":17978,"minecraft:fly_one_cm":1007714,"minecraft:open_chest":102,"minecraft:crouch_one_cm":10520,"minecraft:fall_one_cm":55238,"minecraft:horse_one_cm":6334}},"DataVersion":2975}